{
  "model_type": "NeuralNetwork",
  "features": [
    "V1",
    "V2",
    "V3",
    "V4",
    "V5",
    "V6",
    "V7",
    "V8",
    "V9",
    "V10",
    "V11",
    "V12",
    "V13",
    "V14",
    "V15",
    "V16",
    "V17",
    "V18",
    "V19",
    "V20",
    "V21",
    "V22",
    "V23",
    "V24",
    "V25",
    "V26",
    "V27",
    "V28",
    "scaled_Time",
    "scaled_Amount"
  ],
  "performance": {
    "recall": 0.8673469387755102,
    "precision": 0.36324786324786323,
    "pr_auc": 0.7804190083558951,
    "roc_auc": 0.9778915751725563
  },
  "training_samples": 454902
}